<?xml version="1.0" encoding="UTF-8"?>
<project-private xmlns="http://www.netbeans.org/ns/project-private/1">
    <editor-bookmarks xmlns="http://www.netbeans.org/ns/editor-bookmarks/2" lastBookmarkId="0"/>
    <open-files xmlns="http://www.netbeans.org/ns/projectui-open-files/2">
        <group>
            <file>file:/C:/Users/admin/Documents/NetBeansProjects/OnlineExaminationSoftwareRohinishwarkar/src/Make_Test_Panel.java</file>
            <file>file:/C:/Users/admin/Documents/NetBeansProjects/OnlineExaminationSoftwareRohinishwarkar/src/Test_Marks.java</file>
            <file>file:/C:/Users/admin/Documents/NetBeansProjects/OnlineExaminationSoftwareRohinishwarkar/src/Admin_Data_Admin.java</file>
            <file>file:/C:/Users/admin/Documents/NetBeansProjects/OnlineExaminationSoftwareRohinishwarkar/src/Test_Window.java</file>
            <file>file:/C:/Users/admin/Documents/NetBeansProjects/OnlineExaminationSoftwareRohinishwarkar/src/ListOfTests_Panel.java</file>
            <file>file:/C:/Users/admin/Documents/NetBeansProjects/OnlineExaminationSoftwareRohinishwarkar/src/Test_Handling_Area.java</file>
            <file>file:/C:/Users/admin/Documents/NetBeansProjects/OnlineExaminationSoftwareRohinishwarkar/src/Test_Question.java</file>
            <file>file:/C:/Users/admin/Documents/NetBeansProjects/OnlineExaminationSoftwareRohinishwarkar/src/LoginForm.java</file>
            <file>file:/C:/Users/admin/Documents/NetBeansProjects/OnlineExaminationSoftwareRohinishwarkar/src/universal.java</file>
            <file>file:/C:/Users/admin/Documents/NetBeansProjects/OnlineExaminationSoftwareRohinishwarkar/src/Admin_SignUp.java</file>
            <file>file:/C:/Users/admin/Documents/NetBeansProjects/OnlineExaminationSoftwareRohinishwarkar/src/TestMarks.java</file>
            <file>file:/C:/Users/admin/Documents/NetBeansProjects/OnlineExaminationSoftwareRohinishwarkar/src/ManageTests.java</file>
        </group>
    </open-files>
</project-private>
